{
  "thresholds": [
    0.5,
    0.6,
    0.7,
    0.8,
    0.9
  ],
  "maps": [
    0.9454158673813903,
    0.9820378179919207,
    0.9959221889158305,
    0.9999170250017155,
    1.0
  ],
  "precisions": [
    0.9023787238703261,
    0.934458398244279,
    0.963554417502577,
    0.9935820781605375,
    0.9986620795107034
  ],
  "recalls": [
    0.5849978235746646,
    0.4293942571710305,
    0.2805497488967669,
    0.1387392500924934,
    0.025422969354361377
  ],
  "f1s": [
    0.6626033122027314,
    0.5205557564753669,
    0.3641348088137609,
    0.2018172509727766,
    0.046088763239434234
  ],
  "times": [
    0.0030821474320297942,
    0.0029260149789512705,
    0.0028667242155162565,
    0.002902128645404034,
    0.002716920426861591
  ],
  "model": "ResNet101 Faiss"
}