{
  "thresholds": [
    0.5,
    0.6,
    0.7,
    0.8,
    0.9
  ],
  "maps": [
    0.9454158673813903,
    0.9820378208594456,
    0.9959221889158305,
    0.9999170250017155,
    1.0
  ],
  "precisions": [
    0.9023787238703261,
    0.9344583948731598,
    0.963554417502577,
    0.9935820781605375,
    0.9986620795107034
  ],
  "recalls": [
    0.5849978235746646,
    0.42939334047319616,
    0.2805497488967669,
    0.1387392500924934,
    0.02542205265652699
  ],
  "f1s": [
    0.6626033122027314,
    0.5205551204480215,
    0.3641348088137609,
    0.2018172509727766,
    0.04608719324620209
  ],
  "times": [
    0.023987840075011646,
    0.02901692018596404,
    0.0263870983677902,
    0.030449281045056266,
    0.022465126594636783
  ],
  "model": "ResNet101"
}